{"P29EokZyKZFpzNpnuezR1w==":"road4-1600x901.jpg","mnItJjp0QTYLYwI+yrAGTg==":"road4-1-1600x901.jpg","kN/lCi14gAgGrUBrCu4K1Q==":"road4-2-1600x901.jpg","PJ1ssITJnLD1ySaDXVAvXQ==":"collage-510x383.jpg","ycxx1dAvg00W/LqxzjWS3g==":"collage-240x180.jpg","3yM+IMGtaIWnT9HMunaPbQ==":"driver-510x383.jpg","vfphHycgiYyULbZkcoLH+Q==":"budget-plan-510x383.jpg","SAZWi/Pcmzhur15LiLIDKg==":"1525113306_ismel-kimara_jpg-2000x1333.jpg","DsJeKv86fdEsHOoUXVfxLg==":"1504294519_roberto1_jpg-1632x1224.jpg","IXNq4TKxxJZvyd8RcTMIUQ==":"1513797872_20171205_094514_jpg-2000x1500.jpg","yj3/bRq+oWwyxkognYnV6Q==":"1513797872_20171205_094514_jpg-1-2000x1500.jpg","TsaIm+ogAY6bajT8cR2qxA==":"124342343-1162x871.jpg","G7jJI5poifyFJq+UBTzcYQ==":"roberto-de-la-cruz-640-640x630.jpg","OlO49KW2VioCCRbEkSgG2A==":"roberto-de-la-cruz-car-front-640-640x360.jpg","Z1iFfiaOFKuNU1+xz9sLhg==":"roberto-de-la-cruz-641-640x630.jpg","Byazf+MFPbo6ZMuuf3gopQ==":"roberto-de-la-cruz-car-640-640x480.jpg","sixFLE9B04HBNywi8uTSKQ==":"roberto-de-la-cruz-car-2-640-640x360.jpg","c0+77y4+l6fXFUTuqDcgBw==":"1531654898_roberto-400x345.jpg","xxKwKz2okIu8jVKXtsDL7g==":"1524333453_roberto-3-1162x871.jpg","ihlkf69UyfSmhSyJ1Jvc6w==":"jumbotron.jpg","/5TxP6rB5Xsj6wML99MSww==":"logo2.png","0GG7GkZHUNbCUd0qF8+isg==":"1523530380_92ae2500-6c64-48c8-bb59-a316fbb0f4d6_jpeg-2000x1500.jpg","uP+4kCARZdlntpcMmV45Qw==":"1504294352_elmer1_jpg-2000x1500.jpg","hxJ5EI2Tqv/nAd9pPuHbVA==":"1504294352_elmer1_jpg-1-2000x1500.jpg","0SSNWj0j0X4iyD4geOjjmQ==":"1501758472_whatsapp_image_2017-08-03_at_13_05_46_jpeg-1296x972.jpg","wT3E7bddiQAHGe2U/rd2jQ==":"1501758472_whatsapp_image_2017-08-03_at_13_05_46_jpeg-1-1296x972.jpg","Zkz+0il6Cjak8ftGI0gqeA==":"logo37-122x89.png","GlkdbZrd9tFw/JY4p03/3g==":"logo2-128x128.png","yg/mXzawpgQOfjVjCtE0oA==":"1501758472-whatsapp-image-2017-08-03-at-13-05-46-jpeg-1296x972.jpg","R2T8KnbkUWPVh9kmu+Tlyw==":"huffpost-logo-240x240.png","tv2P9Y0DZBy3CvDeO+XB2g==":"techcrunch-602x302.png","QB3eLhYLsyDvDw8qj1+cSQ==":"oncuba-224x225.png","IDgxn/etQ+I1sLgkAcO3+w==":"eldiario.es-543x93.png","bufxBX3aaHNh2IMMhHatyg==":"el-confidencial-610x406.png"}